class_id,class_name,support,true_positives,false_positives,false_negatives,precision,recall,f1_score
0,Urban fabric,7574,4646,1132,2928,0.8041,0.6134,0.6959
1,Industrial or commercial units,1721,511,229,1210,0.6905,0.2969,0.4153
2,Arable land,34464,28032,4418,6432,0.8639,0.8134,0.8379
3,Permanent crops,3266,912,963,2354,0.4864,0.2792,0.3548
4,Pastures,17373,7910,2321,9463,0.7731,0.4553,0.5731
5,Complex cultivation patterns,16128,7877,2920,8251,0.7296,0.4884,0.5851
6,"Land principally occupied by agriculture, with significant areas of natural vegetation",17208,8310,3570,8898,0.6995,0.4829,0.5714
7,Agro-forestry areas,4734,3472,1113,1262,0.7573,0.7334,0.7451
8,Broad-leaved forest,18698,10634,4324,8064,0.7109,0.5687,0.6319
9,Coniferous forest,25415,20621,5564,4794,0.7875,0.8114,0.7993
10,Mixed forest,28369,21815,5936,6554,0.7861,0.769,0.7774
11,Natural grassland and sparsely vegetated areas,1385,397,195,988,0.6706,0.2866,0.4016
12,"Moors, heathland and sclerophyllous vegetation",1030,423,162,607,0.7231,0.4107,0.5238
13,"Transitional woodland, shrub",24113,12518,5930,11595,0.6786,0.5191,0.5882
14,"Beaches, dunes, sands",200,90,29,110,0.7563,0.45,0.5643
15,Inland wetlands,5662,2361,573,3301,0.8047,0.417,0.5493
16,Coastal wetlands,205,65,183,140,0.2621,0.3171,0.287
17,Inland waters,10764,8551,1078,2213,0.888,0.7944,0.8386
18,Marine waters,5937,5560,902,377,0.8604,0.9365,0.8968
